"","easting","northing","plot_area","plot","metric","value"
"1",581199.9995,5074199.9995,10,1,"mean.max.canopy.ht.aop",30.7026363636364
"2",581553.552890593,5074199.9995,10,2,"mean.max.canopy.ht.aop",24.7513863636364
"3",581199.9995,5074553.55289059,10,3,"mean.max.canopy.ht.aop",17.4577272727273
"4",581553.552890593,5074553.55289059,10,4,"mean.max.canopy.ht.aop",16.399043956044
"5",581199.9995,5074199.9995,25,1,"mean.max.canopy.ht.aop",35.8233229166667
"6",581553.552890593,5074199.9995,25,2,"mean.max.canopy.ht.aop",22.9350516666667
"7",581199.9995,5074553.55289059,25,3,"mean.max.canopy.ht.aop",25.5937946577629
"8",581553.552890593,5074553.55289059,25,4,"mean.max.canopy.ht.aop",29.2842604501608
"9",581199.9995,5074199.9995,50,1,"mean.max.canopy.ht.aop",34.5695270758123
"10",581553.552890593,5074199.9995,50,2,"mean.max.canopy.ht.aop",24.0481568154403
"11",581199.9995,5074553.55289059,50,3,"mean.max.canopy.ht.aop",29.5545084609186
"12",581553.552890593,5074553.55289059,50,4,"mean.max.canopy.ht.aop",29.9824449938195
"13",581199.9995,5074199.9995,75,1,"mean.max.canopy.ht.aop",34.1924830168006
"14",581553.552890593,5074199.9995,75,2,"mean.max.canopy.ht.aop",23.0175967567568
"15",581199.9995,5074553.55289059,75,3,"mean.max.canopy.ht.aop",29.832278018018
"16",581553.552890593,5074553.55289059,75,4,"mean.max.canopy.ht.aop",33.3433473309609
"17",581199.9995,5074199.9995,100,1,"mean.max.canopy.ht.aop",30.2464077485234
"18",581553.552890593,5074199.9995,100,2,"mean.max.canopy.ht.aop",21.5524646433364
"19",581199.9995,5074553.55289059,100,3,"mean.max.canopy.ht.aop",30.4505079237713
"20",581553.552890593,5074553.55289059,100,4,"mean.max.canopy.ht.aop",33.2297290038084
"21",581199.9995,5074199.9995,125,1,"mean.max.canopy.ht.aop",28.4581077513637
"22",581553.552890593,5074199.9995,125,2,"mean.max.canopy.ht.aop",21.5088446549391
"23",581199.9995,5074553.55289059,125,3,"mean.max.canopy.ht.aop",31.3273642815666
"24",581553.552890593,5074553.55289059,125,4,"mean.max.canopy.ht.aop",33.2988116396696
"25",581199.9995,5074199.9995,150,1,"mean.max.canopy.ht.aop",28.9989017040531
"26",581553.552890593,5074199.9995,150,2,"mean.max.canopy.ht.aop",20.4612357028327
"27",581199.9995,5074553.55289059,150,3,"mean.max.canopy.ht.aop",31.1135926716471
"28",581553.552890593,5074553.55289059,150,4,"mean.max.canopy.ht.aop",32.5045802793097
"29",581199.9995,5074199.9995,175,1,"mean.max.canopy.ht.aop",28.1710120864918
"30",581553.552890593,5074199.9995,175,2,"mean.max.canopy.ht.aop",19.4489295732912
"31",581199.9995,5074553.55289059,175,3,"mean.max.canopy.ht.aop",31.0304139844982
"32",581553.552890593,5074553.55289059,175,4,"mean.max.canopy.ht.aop",31.9355584920453
"33",581199.9995,5074199.9995,200,1,"mean.max.canopy.ht.aop",28.522014602402
"34",581553.552890593,5074199.9995,200,2,"mean.max.canopy.ht.aop",23.2139402503841
"35",581199.9995,5074553.55289059,200,3,"mean.max.canopy.ht.aop",30.2871447401331
"36",581553.552890593,5074553.55289059,200,4,"mean.max.canopy.ht.aop",31.193750813354
"37",581199.9995,5074199.9995,10,1,"max.canopy.ht.aop",60.287
"38",581553.552890593,5074199.9995,10,2,"max.canopy.ht.aop",38.411
"39",581199.9995,5074553.55289059,10,3,"max.canopy.ht.aop",43.145
"40",581553.552890593,5074553.55289059,10,4,"max.canopy.ht.aop",41.821
"41",581199.9995,5074199.9995,25,1,"max.canopy.ht.aop",60.149
"42",581553.552890593,5074199.9995,25,2,"max.canopy.ht.aop",47.184
"43",581199.9995,5074553.55289059,25,3,"max.canopy.ht.aop",55.46
"44",581553.552890593,5074553.55289059,25,4,"max.canopy.ht.aop",49.883
"45",581199.9995,5074199.9995,50,1,"max.canopy.ht.aop",60.149
"46",581553.552890593,5074199.9995,50,2,"max.canopy.ht.aop",47.184
"47",581199.9995,5074553.55289059,50,3,"max.canopy.ht.aop",95.415
"48",581553.552890593,5074553.55289059,50,4,"max.canopy.ht.aop",53.758
"49",581199.9995,5074199.9995,75,1,"max.canopy.ht.aop",104.293
"50",581553.552890593,5074199.9995,75,2,"max.canopy.ht.aop",93.596
"51",581199.9995,5074553.55289059,75,3,"max.canopy.ht.aop",95.415
"52",581553.552890593,5074553.55289059,75,4,"max.canopy.ht.aop",107.871
"53",581199.9995,5074199.9995,100,1,"max.canopy.ht.aop",104.293
"54",581553.552890593,5074199.9995,100,2,"max.canopy.ht.aop",99.178
"55",581199.9995,5074553.55289059,100,3,"max.canopy.ht.aop",95.415
"56",581553.552890593,5074553.55289059,100,4,"max.canopy.ht.aop",107.871
"57",581199.9995,5074199.9995,125,1,"max.canopy.ht.aop",104.293
"58",581553.552890593,5074199.9995,125,2,"max.canopy.ht.aop",99.178
"59",581199.9995,5074553.55289059,125,3,"max.canopy.ht.aop",95.415
"60",581553.552890593,5074553.55289059,125,4,"max.canopy.ht.aop",107.871
"61",581199.9995,5074199.9995,150,1,"max.canopy.ht.aop",156.907
"62",581553.552890593,5074199.9995,150,2,"max.canopy.ht.aop",108.367
"63",581199.9995,5074553.55289059,150,3,"max.canopy.ht.aop",95.415
"64",581553.552890593,5074553.55289059,150,4,"max.canopy.ht.aop",107.871
"65",581199.9995,5074199.9995,175,1,"max.canopy.ht.aop",162.356
"66",581553.552890593,5074199.9995,175,2,"max.canopy.ht.aop",108.375
"67",581199.9995,5074553.55289059,175,3,"max.canopy.ht.aop",95.415
"68",581553.552890593,5074553.55289059,175,4,"max.canopy.ht.aop",121.955
"69",581199.9995,5074199.9995,200,1,"max.canopy.ht.aop",171.173
"70",581553.552890593,5074199.9995,200,2,"max.canopy.ht.aop",110.264
"71",581199.9995,5074553.55289059,200,3,"max.canopy.ht.aop",154.444
"72",581553.552890593,5074553.55289059,200,4,"max.canopy.ht.aop",121.955
"73",581199.9995,5074199.9995,10,1,"rumple.aop",5.87482697855181
"74",581553.552890593,5074199.9995,10,2,"rumple.aop",5.46587183412713
"75",581199.9995,5074553.55289059,10,3,"rumple.aop",7.94144148959556
"76",581553.552890593,5074553.55289059,10,4,"rumple.aop",5.76703801163475
"77",581199.9995,5074199.9995,25,1,"rumple.aop",5.18999491280528
"78",581553.552890593,5074199.9995,25,2,"rumple.aop",6.0811078656141
"79",581199.9995,5074553.55289059,25,3,"rumple.aop",7.15805609844257
"80",581553.552890593,5074553.55289059,25,4,"rumple.aop",6.07519332198801
"81",581199.9995,5074199.9995,50,1,"rumple.aop",5.00573377023768
"82",581553.552890593,5074199.9995,50,2,"rumple.aop",5.22204005288873
"83",581199.9995,5074553.55289059,50,3,"rumple.aop",5.77001890957419
"84",581553.552890593,5074553.55289059,50,4,"rumple.aop",5.49569664178947
"85",581199.9995,5074199.9995,75,1,"rumple.aop",5.48726601789246
"86",581553.552890593,5074199.9995,75,2,"rumple.aop",4.85133730467593
"87",581199.9995,5074553.55289059,75,3,"rumple.aop",5.74708627563131
"88",581553.552890593,5074553.55289059,75,4,"rumple.aop",5.29165378161564
"89",581199.9995,5074199.9995,100,1,"rumple.aop",5.21550205085065
"90",581553.552890593,5074199.9995,100,2,"rumple.aop",4.74718852597386
"91",581199.9995,5074553.55289059,100,3,"rumple.aop",5.52582605326575
"92",581553.552890593,5074553.55289059,100,4,"rumple.aop",5.52027227462697
"93",581199.9995,5074199.9995,125,1,"rumple.aop",4.97663142743217
"94",581553.552890593,5074199.9995,125,2,"rumple.aop",4.62171812477621
"95",581199.9995,5074553.55289059,125,3,"rumple.aop",5.55640337061997
"96",581553.552890593,5074553.55289059,125,4,"rumple.aop",5.45543406802398
"97",581199.9995,5074199.9995,150,1,"rumple.aop",5.08545526089918
"98",581553.552890593,5074199.9995,150,2,"rumple.aop",4.4118296135674
"99",581199.9995,5074553.55289059,150,3,"rumple.aop",5.45831602815847
"100",581553.552890593,5074553.55289059,150,4,"rumple.aop",5.55934110910813
"101",581199.9995,5074199.9995,175,1,"rumple.aop",5.05801397947392
"102",581553.552890593,5074199.9995,175,2,"rumple.aop",4.18952679896381
"103",581199.9995,5074553.55289059,175,3,"rumple.aop",5.39827640473889
"104",581553.552890593,5074553.55289059,175,4,"rumple.aop",5.57499097153615
"105",581199.9995,5074199.9995,200,1,"rumple.aop",4.96133058255065
"106",581553.552890593,5074199.9995,200,2,"rumple.aop",4.41688807235536
"107",581199.9995,5074553.55289059,200,3,"rumple.aop",5.39870820765794
"108",581553.552890593,5074553.55289059,200,4,"rumple.aop",5.56691304711462
"109",581199.9995,5074199.9995,10,1,"deepgaps.aop",1
"110",581553.552890593,5074199.9995,10,2,"deepgaps.aop",22
"111",581199.9995,5074553.55289059,10,3,"deepgaps.aop",22
"112",581553.552890593,5074553.55289059,10,4,"deepgaps.aop",30
"113",581199.9995,5074199.9995,25,1,"deepgaps.aop",100
"114",581553.552890593,5074199.9995,25,2,"deepgaps.aop",76
"115",581199.9995,5074553.55289059,25,3,"deepgaps.aop",77
"116",581553.552890593,5074553.55289059,25,4,"deepgaps.aop",54
"117",581199.9995,5074199.9995,50,1,"deepgaps.aop",7
"118",581553.552890593,5074199.9995,50,2,"deepgaps.aop",63
"119",581199.9995,5074553.55289059,50,3,"deepgaps.aop",68
"120",581553.552890593,5074553.55289059,50,4,"deepgaps.aop",174
"121",581199.9995,5074199.9995,75,1,"deepgaps.aop",300
"122",581553.552890593,5074199.9995,75,2,"deepgaps.aop",226
"123",581199.9995,5074553.55289059,75,3,"deepgaps.aop",226
"124",581553.552890593,5074553.55289059,75,4,"deepgaps.aop",156
"125",581199.9995,5074199.9995,100,1,"deepgaps.aop",11
"126",581553.552890593,5074199.9995,100,2,"deepgaps.aop",413
"127",581199.9995,5074553.55289059,100,3,"deepgaps.aop",130
"128",581553.552890593,5074553.55289059,100,4,"deepgaps.aop",223
"129",581199.9995,5074199.9995,125,1,"deepgaps.aop",1027
"130",581553.552890593,5074199.9995,125,2,"deepgaps.aop",1096
"131",581199.9995,5074553.55289059,125,3,"deepgaps.aop",377
"132",581553.552890593,5074553.55289059,125,4,"deepgaps.aop",257
"133",581199.9995,5074199.9995,150,1,"deepgaps.aop",1726
"134",581553.552890593,5074199.9995,150,2,"deepgaps.aop",198
"135",581199.9995,5074553.55289059,150,3,"deepgaps.aop",162
"136",581553.552890593,5074553.55289059,150,4,"deepgaps.aop",317
"137",581199.9995,5074199.9995,175,1,"deepgaps.aop",2349
"138",581553.552890593,5074199.9995,175,2,"deepgaps.aop",604
"139",581199.9995,5074553.55289059,175,3,"deepgaps.aop",528
"140",581553.552890593,5074553.55289059,175,4,"deepgaps.aop",365
"141",581199.9995,5074199.9995,200,1,"deepgaps.aop",2198
"142",581553.552890593,5074199.9995,200,2,"deepgaps.aop",501
"143",581199.9995,5074553.55289059,200,3,"deepgaps.aop",218
"144",581553.552890593,5074553.55289059,200,4,"deepgaps.aop",443
"145",581199.9995,5074199.9995,10,1,"deepgap.fraction.aop",0.01
"146",581553.552890593,5074199.9995,10,2,"deepgap.fraction.aop",0.2
"147",581199.9995,5074553.55289059,10,3,"deepgap.fraction.aop",0.2
"148",581553.552890593,5074553.55289059,10,4,"deepgap.fraction.aop",0.247933884297521
"149",581199.9995,5074199.9995,25,1,"deepgap.fraction.aop",0.14792899408284
"150",581553.552890593,5074199.9995,25,2,"deepgap.fraction.aop",0.112426035502959
"151",581199.9995,5074553.55289059,25,3,"deepgap.fraction.aop",0.113905325443787
"152",581553.552890593,5074553.55289059,25,4,"deepgap.fraction.aop",0.0798816568047337
"153",581199.9995,5074199.9995,50,1,"deepgap.fraction.aop",0.0028
"154",581553.552890593,5074199.9995,50,2,"deepgap.fraction.aop",0.0247058823529412
"155",581199.9995,5074553.55289059,50,3,"deepgap.fraction.aop",0.0266666666666667
"156",581553.552890593,5074553.55289059,50,4,"deepgap.fraction.aop",0.0668973471741638
"157",581199.9995,5074199.9995,75,1,"deepgap.fraction.aop",0.0519390581717451
"158",581553.552890593,5074199.9995,75,2,"deepgap.fraction.aop",0.0391274238227147
"159",581199.9995,5074553.55289059,75,3,"deepgap.fraction.aop",0.0391274238227147
"160",581553.552890593,5074553.55289059,75,4,"deepgap.fraction.aop",0.0270083102493075
"161",581199.9995,5074199.9995,100,1,"deepgap.fraction.aop",0.0011
"162",581553.552890593,5074199.9995,100,2,"deepgap.fraction.aop",0.0408910891089109
"163",581199.9995,5074553.55289059,100,3,"deepgap.fraction.aop",0.0128712871287129
"164",581553.552890593,5074553.55289059,100,4,"deepgap.fraction.aop",0.0218606019017743
"165",581199.9995,5074199.9995,125,1,"deepgap.fraction.aop",0.0646888384983623
"166",581553.552890593,5074199.9995,125,2,"deepgap.fraction.aop",0.0690350214159738
"167",581199.9995,5074553.55289059,125,3,"deepgap.fraction.aop",0.0237465356512976
"168",581553.552890593,5074553.55289059,125,4,"deepgap.fraction.aop",0.0161879566641471
"169",581199.9995,5074199.9995,150,1,"deepgap.fraction.aop",0.0767111111111111
"170",581553.552890593,5074199.9995,150,2,"deepgap.fraction.aop",0.00874172185430464
"171",581199.9995,5074553.55289059,150,3,"deepgap.fraction.aop",0.0071523178807947
"172",581553.552890593,5074553.55289059,150,4,"deepgap.fraction.aop",0.0139028989956581
"173",581199.9995,5074199.9995,175,1,"deepgap.fraction.aop",0.075832902892562
"174",581553.552890593,5074199.9995,175,2,"deepgap.fraction.aop",0.0194989669421488
"175",581199.9995,5074553.55289059,175,3,"deepgap.fraction.aop",0.0170454545454545
"176",581553.552890593,5074553.55289059,175,4,"deepgap.fraction.aop",0.0117833161157025
"177",581199.9995,5074199.9995,200,1,"deepgap.fraction.aop",0.05495
"178",581553.552890593,5074199.9995,200,2,"deepgap.fraction.aop",0.0124626865671642
"179",581199.9995,5074553.55289059,200,3,"deepgap.fraction.aop",0.0054228855721393
"180",581553.552890593,5074553.55289059,200,4,"deepgap.fraction.aop",0.0109650751219029
"181",581199.9995,5074199.9995,10,1,"cover.fraction.aop",0.99
"182",581553.552890593,5074199.9995,10,2,"cover.fraction.aop",0.8
"183",581199.9995,5074553.55289059,10,3,"cover.fraction.aop",0.8
"184",581553.552890593,5074553.55289059,10,4,"cover.fraction.aop",0.752066115702479
"185",581199.9995,5074199.9995,25,1,"cover.fraction.aop",0.85207100591716
"186",581553.552890593,5074199.9995,25,2,"cover.fraction.aop",0.887573964497041
"187",581199.9995,5074553.55289059,25,3,"cover.fraction.aop",0.886094674556213
"188",581553.552890593,5074553.55289059,25,4,"cover.fraction.aop",0.920118343195266
"189",581199.9995,5074199.9995,50,1,"cover.fraction.aop",0.9972
"190",581553.552890593,5074199.9995,50,2,"cover.fraction.aop",0.975294117647059
"191",581199.9995,5074553.55289059,50,3,"cover.fraction.aop",0.973333333333333
"192",581553.552890593,5074553.55289059,50,4,"cover.fraction.aop",0.933102652825836
"193",581199.9995,5074199.9995,75,1,"cover.fraction.aop",0.948060941828255
"194",581553.552890593,5074199.9995,75,2,"cover.fraction.aop",0.960872576177285
"195",581199.9995,5074553.55289059,75,3,"cover.fraction.aop",0.960872576177285
"196",581553.552890593,5074553.55289059,75,4,"cover.fraction.aop",0.972991689750693
"197",581199.9995,5074199.9995,100,1,"cover.fraction.aop",0.9989
"198",581553.552890593,5074199.9995,100,2,"cover.fraction.aop",0.959108910891089
"199",581199.9995,5074553.55289059,100,3,"cover.fraction.aop",0.987128712871287
"200",581553.552890593,5074553.55289059,100,4,"cover.fraction.aop",0.978139398098226
"201",581199.9995,5074199.9995,125,1,"cover.fraction.aop",0.935311161501638
"202",581553.552890593,5074199.9995,125,2,"cover.fraction.aop",0.930964978584026
"203",581199.9995,5074553.55289059,125,3,"cover.fraction.aop",0.976253464348702
"204",581553.552890593,5074553.55289059,125,4,"cover.fraction.aop",0.983812043335853
"205",581199.9995,5074199.9995,150,1,"cover.fraction.aop",0.923288888888889
"206",581553.552890593,5074199.9995,150,2,"cover.fraction.aop",0.991258278145695
"207",581199.9995,5074553.55289059,150,3,"cover.fraction.aop",0.992847682119205
"208",581553.552890593,5074553.55289059,150,4,"cover.fraction.aop",0.986097101004342
"209",581199.9995,5074199.9995,175,1,"cover.fraction.aop",0.924167097107438
"210",581553.552890593,5074199.9995,175,2,"cover.fraction.aop",0.980501033057851
"211",581199.9995,5074553.55289059,175,3,"cover.fraction.aop",0.982954545454545
"212",581553.552890593,5074553.55289059,175,4,"cover.fraction.aop",0.988216683884298
"213",581199.9995,5074199.9995,200,1,"cover.fraction.aop",0.94505
"214",581553.552890593,5074199.9995,200,2,"cover.fraction.aop",0.987537313432836
"215",581199.9995,5074553.55289059,200,3,"cover.fraction.aop",0.994577114427861
"216",581553.552890593,5074553.55289059,200,4,"cover.fraction.aop",0.989034924878097
"217",581199.9995,5074199.9995,10,1,"top.rugosity.aop",13.736737334648
"218",581553.552890593,5074199.9995,10,2,"top.rugosity.aop",9.80383294317804
"219",581199.9995,5074553.55289059,10,3,"top.rugosity.aop",12.3911122381922
"220",581553.552890593,5074553.55289059,10,4,"top.rugosity.aop",8.49468679288162
"221",581199.9995,5074199.9995,25,1,"top.rugosity.aop",11.7135305224668
"222",581553.552890593,5074199.9995,25,2,"top.rugosity.aop",13.0387514830239
"223",581199.9995,5074553.55289059,25,3,"top.rugosity.aop",14.5975907231057
"224",581553.552890593,5074553.55289059,25,4,"top.rugosity.aop",12.9128967819315
"225",581199.9995,5074199.9995,50,1,"top.rugosity.aop",11.0063215018541
"226",581553.552890593,5074199.9995,50,2,"top.rugosity.aop",12.0929823635208
"227",581199.9995,5074553.55289059,50,3,"top.rugosity.aop",12.5174366516883
"228",581553.552890593,5074553.55289059,50,4,"top.rugosity.aop",12.6054128383398
"229",581199.9995,5074199.9995,75,1,"top.rugosity.aop",11.6133239510111
"230",581553.552890593,5074199.9995,75,2,"top.rugosity.aop",12.42647563901
"231",581199.9995,5074553.55289059,75,3,"top.rugosity.aop",12.8985217923958
"232",581553.552890593,5074553.55289059,75,4,"top.rugosity.aop",12.3493661939126
"233",581199.9995,5074199.9995,100,1,"top.rugosity.aop",14.1021843325267
"234",581553.552890593,5074199.9995,100,2,"top.rugosity.aop",13.4043875219611
"235",581199.9995,5074553.55289059,100,3,"top.rugosity.aop",13.0668110760372
"236",581553.552890593,5074553.55289059,100,4,"top.rugosity.aop",12.9208125578843
"237",581199.9995,5074199.9995,125,1,"top.rugosity.aop",15.302745053543
"238",581553.552890593,5074199.9995,125,2,"top.rugosity.aop",13.9502123072508
"239",581199.9995,5074553.55289059,125,3,"top.rugosity.aop",13.1966221682539
"240",581553.552890593,5074553.55289059,125,4,"top.rugosity.aop",12.8846410688625
"241",581199.9995,5074199.9995,150,1,"top.rugosity.aop",15.3361170760892
"242",581553.552890593,5074199.9995,150,2,"top.rugosity.aop",14.8670101704346
"243",581199.9995,5074553.55289059,150,3,"top.rugosity.aop",13.4987111575073
"244",581553.552890593,5074553.55289059,150,4,"top.rugosity.aop",13.2443243438767
"245",581199.9995,5074199.9995,175,1,"top.rugosity.aop",16.9145851035915
"246",581553.552890593,5074199.9995,175,2,"top.rugosity.aop",15.1090399992848
"247",581199.9995,5074553.55289059,175,3,"top.rugosity.aop",13.6469783619053
"248",581553.552890593,5074553.55289059,175,4,"top.rugosity.aop",13.8513352786003
"249",581199.9995,5074199.9995,200,1,"top.rugosity.aop",17.6198535363542
"250",581553.552890593,5074199.9995,200,2,"top.rugosity.aop",17.9277125288212
"251",581199.9995,5074553.55289059,200,3,"top.rugosity.aop",13.862153755026
"252",581553.552890593,5074553.55289059,200,4,"top.rugosity.aop",14.3413945341211
"253",581199.9995,5074199.9995,10,1,"vert.sd.aop",14.7903661539941
"254",581553.552890593,5074199.9995,10,2,"vert.sd.aop",10.1691580058309
"255",581199.9995,5074553.55289059,10,3,"vert.sd.aop",13.2195535193378
"256",581553.552890593,5074553.55289059,10,4,"vert.sd.aop",10.6292166108339
"257",581199.9995,5074199.9995,25,1,"vert.sd.aop",12.1869316638922
"258",581553.552890593,5074199.9995,25,2,"vert.sd.aop",12.7866982662421
"259",581199.9995,5074553.55289059,25,3,"vert.sd.aop",14.9611443037469
"260",581553.552890593,5074553.55289059,25,4,"vert.sd.aop",13.4179397892874
"261",581199.9995,5074199.9995,50,1,"vert.sd.aop",11.4893856483473
"262",581553.552890593,5074199.9995,50,2,"vert.sd.aop",11.6700193700729
"263",581199.9995,5074553.55289059,50,3,"vert.sd.aop",12.165547047163
"264",581553.552890593,5074553.55289059,50,4,"vert.sd.aop",12.5039542827765
"265",581199.9995,5074199.9995,75,1,"vert.sd.aop",12.1806738637003
"266",581553.552890593,5074199.9995,75,2,"vert.sd.aop",11.6905614922509
"267",581199.9995,5074553.55289059,75,3,"vert.sd.aop",12.5164496799745
"268",581553.552890593,5074553.55289059,75,4,"vert.sd.aop",12.4119868579303
"269",581199.9995,5074199.9995,100,1,"vert.sd.aop",13.5565298906726
"270",581553.552890593,5074199.9995,100,2,"vert.sd.aop",12.215465553034
"271",581199.9995,5074553.55289059,100,3,"vert.sd.aop",12.6250972714014
"272",581553.552890593,5074553.55289059,100,4,"vert.sd.aop",12.9902552268116
"273",581199.9995,5074199.9995,125,1,"vert.sd.aop",13.8175857363665
"274",581553.552890593,5074199.9995,125,2,"vert.sd.aop",12.6190475701181
"275",581199.9995,5074553.55289059,125,3,"vert.sd.aop",12.8845674305967
"276",581553.552890593,5074553.55289059,125,4,"vert.sd.aop",13.1147202934949
"277",581199.9995,5074199.9995,150,1,"vert.sd.aop",13.8355895120586
"278",581553.552890593,5074199.9995,150,2,"vert.sd.aop",13.0511991768508
"279",581199.9995,5074553.55289059,150,3,"vert.sd.aop",13.1340903159983
"280",581553.552890593,5074553.55289059,150,4,"vert.sd.aop",13.3663290170665
"281",581199.9995,5074199.9995,175,1,"vert.sd.aop",13.9490197494926
"282",581553.552890593,5074199.9995,175,2,"vert.sd.aop",13.1809082682552
"283",581199.9995,5074553.55289059,175,3,"vert.sd.aop",13.3049450053277
"284",581553.552890593,5074553.55289059,175,4,"vert.sd.aop",13.7920895952766
"285",581199.9995,5074199.9995,200,1,"vert.sd.aop",13.8623956272716
"286",581553.552890593,5074199.9995,200,2,"vert.sd.aop",13.3350698414844
"287",581199.9995,5074553.55289059,200,3,"vert.sd.aop",13.3295486065391
"288",581553.552890593,5074553.55289059,200,4,"vert.sd.aop",14.1102818162269
"289",581199.9995,5074199.9995,10,1,"sd.sd.aop",NA
"290",581553.552890593,5074199.9995,10,2,"sd.sd.aop",NA
"291",581199.9995,5074553.55289059,10,3,"sd.sd.aop",4.96117243788676
"292",581553.552890593,5074553.55289059,10,4,"sd.sd.aop",NA
"293",581199.9995,5074199.9995,25,1,"sd.sd.aop",3.30515758746727
"294",581553.552890593,5074199.9995,25,2,"sd.sd.aop",3.64143854904405
"295",581199.9995,5074553.55289059,25,3,"sd.sd.aop",4.34216447146942
"296",581553.552890593,5074553.55289059,25,4,"sd.sd.aop",2.15543677064041
"297",581199.9995,5074199.9995,50,1,"sd.sd.aop",3.0403959031862
"298",581553.552890593,5074199.9995,50,2,"sd.sd.aop",2.09497794388125
"299",581199.9995,5074553.55289059,50,3,"sd.sd.aop",2.90947243108941
"300",581553.552890593,5074553.55289059,50,4,"sd.sd.aop",2.1422058628404
"301",581199.9995,5074199.9995,75,1,"sd.sd.aop",3.02176901286716
"302",581553.552890593,5074199.9995,75,2,"sd.sd.aop",2.70166498041342
"303",581199.9995,5074553.55289059,75,3,"sd.sd.aop",2.57524909118634
"304",581553.552890593,5074553.55289059,75,4,"sd.sd.aop",3.9248400002794
"305",581199.9995,5074199.9995,100,1,"sd.sd.aop",3.3451520136582
"306",581553.552890593,5074199.9995,100,2,"sd.sd.aop",1.30335174724868
"307",581199.9995,5074553.55289059,100,3,"sd.sd.aop",2.37889892649882
"308",581553.552890593,5074553.55289059,100,4,"sd.sd.aop",1.95776550915648
"309",581199.9995,5074199.9995,125,1,"sd.sd.aop",2.30609774690579
"310",581553.552890593,5074199.9995,125,2,"sd.sd.aop",1.83146614743336
"311",581199.9995,5074553.55289059,125,3,"sd.sd.aop",2.00809693935203
"312",581553.552890593,5074553.55289059,125,4,"sd.sd.aop",3.85133364727301
"313",581199.9995,5074199.9995,150,1,"sd.sd.aop",3.01977343296025
"314",581553.552890593,5074199.9995,150,2,"sd.sd.aop",2.71006136258194
"315",581199.9995,5074553.55289059,150,3,"sd.sd.aop",3.0087659622174
"316",581553.552890593,5074553.55289059,150,4,"sd.sd.aop",2.95927405194251
"317",581199.9995,5074199.9995,175,1,"sd.sd.aop",3.34385417753956
"318",581553.552890593,5074199.9995,175,2,"sd.sd.aop",1.77965809022908
"319",581199.9995,5074553.55289059,175,3,"sd.sd.aop",1.91398352253304
"320",581553.552890593,5074553.55289059,175,4,"sd.sd.aop",2.42270422543654
"321",581199.9995,5074199.9995,200,1,"sd.sd.aop",4.19930399128282
"322",581553.552890593,5074199.9995,200,2,"sd.sd.aop",2.54215232478852
"323",581199.9995,5074553.55289059,200,3,"sd.sd.aop",2.74248518093711
"324",581553.552890593,5074553.55289059,200,4,"sd.sd.aop",2.78113278967626
"325",581199.9995,5074199.9995,10,1,"entropy.aop",0.930119738517139
"326",581553.552890593,5074199.9995,10,2,"entropy.aop",0.931655021608096
"327",581199.9995,5074553.55289059,10,3,"entropy.aop",0.933057809533329
"328",581553.552890593,5074553.55289059,10,4,"entropy.aop",0.884411728376409
"329",581199.9995,5074199.9995,25,1,"entropy.aop",0.937687555154611
"330",581553.552890593,5074199.9995,25,2,"entropy.aop",0.979757174718806
"331",581199.9995,5074553.55289059,25,3,"entropy.aop",0.963596481123889
"332",581553.552890593,5074553.55289059,25,4,"entropy.aop",0.963129888790016
"333",581199.9995,5074199.9995,50,1,"entropy.aop",0.932390739255399
"334",581553.552890593,5074199.9995,50,2,"entropy.aop",0.964319513314524
"335",581199.9995,5074553.55289059,50,3,"entropy.aop",0.752187715638007
"336",581553.552890593,5074553.55289059,50,4,"entropy.aop",0.966141607675925
"337",581199.9995,5074199.9995,75,1,"entropy.aop",0.780585663645347
"338",581553.552890593,5074199.9995,75,2,"entropy.aop",0.730980813146591
"339",581199.9995,5074553.55289059,75,3,"entropy.aop",0.757867986046437
"340",581553.552890593,5074553.55289059,75,4,"entropy.aop",0.746382156599538
"341",581199.9995,5074199.9995,100,1,"entropy.aop",0.793685745666673
"342",581553.552890593,5074199.9995,100,2,"entropy.aop",0.738914268789687
"343",581199.9995,5074553.55289059,100,3,"entropy.aop",0.759033770489813
"344",581553.552890593,5074553.55289059,100,4,"entropy.aop",0.753092672990083
"345",581199.9995,5074199.9995,125,1,"entropy.aop",0.794036803269767
"346",581553.552890593,5074199.9995,125,2,"entropy.aop",0.746918170945403
"347",581199.9995,5074553.55289059,125,3,"entropy.aop",0.76169018838953
"348",581553.552890593,5074553.55289059,125,4,"entropy.aop",0.744903927782968
"349",581199.9995,5074199.9995,150,1,"entropy.aop",0.765008941073339
"350",581553.552890593,5074199.9995,150,2,"entropy.aop",0.754222145228991
"351",581199.9995,5074553.55289059,150,3,"entropy.aop",0.764517347152207
"352",581553.552890593,5074553.55289059,150,4,"entropy.aop",0.746902101350062
"353",581199.9995,5074199.9995,175,1,"entropy.aop",0.765362490757175
"354",581553.552890593,5074199.9995,175,2,"entropy.aop",0.755667725982208
"355",581199.9995,5074553.55289059,175,3,"entropy.aop",0.765602773997535
"356",581553.552890593,5074553.55289059,175,4,"entropy.aop",0.750458577980649
"357",581199.9995,5074199.9995,200,1,"entropy.aop",0.765143379847288
"358",581553.552890593,5074199.9995,200,2,"entropy.aop",0.758562206502213
"359",581199.9995,5074553.55289059,200,3,"entropy.aop",0.736697715425226
"360",581553.552890593,5074553.55289059,200,4,"entropy.aop",0.753602605988509
"361",581199.9995,5074199.9995,10,1,"GFP.AOP.aop",0.928311342828275
"362",581553.552890593,5074199.9995,10,2,"GFP.AOP.aop",0.918426581113984
"363",581199.9995,5074553.55289059,10,3,"GFP.AOP.aop",0.948666831181239
"364",581553.552890593,5074553.55289059,10,4,"GFP.AOP.aop",0.933834469580578
"365",581199.9995,5074199.9995,25,1,"GFP.AOP.aop",0.930089329343397
"366",581553.552890593,5074199.9995,25,2,"GFP.AOP.aop",0.942355351720044
"367",581199.9995,5074553.55289059,25,3,"GFP.AOP.aop",0.953096333914331
"368",581553.552890593,5074553.55289059,25,4,"GFP.AOP.aop",0.937177035125154
"369",581199.9995,5074199.9995,50,1,"GFP.AOP.aop",0.929584371330937
"370",581553.552890593,5074199.9995,50,2,"GFP.AOP.aop",0.939623471379986
"371",581199.9995,5074553.55289059,50,3,"GFP.AOP.aop",0.980426563358367
"372",581553.552890593,5074553.55289059,50,4,"GFP.AOP.aop",0.933675007053062
"373",581199.9995,5074199.9995,75,1,"GFP.AOP.aop",0.973042278370314
"374",581553.552890593,5074199.9995,75,2,"GFP.AOP.aop",0.984180506179921
"375",581199.9995,5074553.55289059,75,3,"GFP.AOP.aop",0.980892903222481
"376",581553.552890593,5074553.55289059,75,4,"GFP.AOP.aop",0.979522949761689
"377",581199.9995,5074199.9995,100,1,"GFP.AOP.aop",0.976793623192169
"378",581553.552890593,5074199.9995,100,2,"GFP.AOP.aop",0.985058875585961
"379",581199.9995,5074553.55289059,100,3,"GFP.AOP.aop",0.980791445500689
"380",581553.552890593,5074553.55289059,100,4,"GFP.AOP.aop",0.980774690014589
"381",581199.9995,5074199.9995,125,1,"GFP.AOP.aop",0.977511818608994
"382",581553.552890593,5074199.9995,125,2,"GFP.AOP.aop",0.984941414459085
"383",581199.9995,5074553.55289059,125,3,"GFP.AOP.aop",0.980734900484676
"384",581553.552890593,5074553.55289059,125,4,"GFP.AOP.aop",0.982233601479032
"385",581199.9995,5074199.9995,150,1,"GFP.AOP.aop",0.981590145809044
"386",581553.552890593,5074199.9995,150,2,"GFP.AOP.aop",0.984824131746144
"387",581199.9995,5074553.55289059,150,3,"GFP.AOP.aop",0.981362262812851
"388",581553.552890593,5074553.55289059,150,4,"GFP.AOP.aop",0.983374940087692
"389",581199.9995,5074199.9995,175,1,"GFP.AOP.aop",0.982460337286336
"390",581553.552890593,5074199.9995,175,2,"GFP.AOP.aop",0.984767743354011
"391",581199.9995,5074553.55289059,175,3,"GFP.AOP.aop",0.981679347704983
"392",581553.552890593,5074553.55289059,175,4,"GFP.AOP.aop",0.984125606445832
"393",581199.9995,5074199.9995,200,1,"GFP.AOP.aop",0.982768231194702
"394",581553.552890593,5074199.9995,200,2,"GFP.AOP.aop",0.984488799787104
"395",581199.9995,5074553.55289059,200,3,"GFP.AOP.aop",0.985259027302392
"396",581553.552890593,5074553.55289059,200,4,"GFP.AOP.aop",0.984671308383392
"397",581199.9995,5074199.9995,10,1,"VAI.AOP.aop",10.3458322000135
"398",581553.552890593,5074199.9995,10,2,"VAI.AOP.aop",6.58414481749777
"399",581199.9995,5074553.55289059,10,3,"VAI.AOP.aop",4.69541105654903
"400",581553.552890593,5074553.55289059,10,4,"VAI.AOP.aop",6.36764837361856
"401",581199.9995,5074199.9995,25,1,"VAI.AOP.aop",8.76577904389612
"402",581553.552890593,5074199.9995,25,2,"VAI.AOP.aop",5.52574743051656
"403",581199.9995,5074553.55289059,25,3,"VAI.AOP.aop",5.41779819517565
"404",581553.552890593,5074553.55289059,25,4,"VAI.AOP.aop",6.4776978812284
"405",581199.9995,5074199.9995,50,1,"VAI.AOP.aop",8.72425969420121
"406",581553.552890593,5074199.9995,50,2,"VAI.AOP.aop",5.75197738103878
"407",581199.9995,5074553.55289059,50,3,"VAI.AOP.aop",6.81975327887816
"408",581553.552890593,5074553.55289059,50,4,"VAI.AOP.aop",7.2152893502441
"409",581199.9995,5074199.9995,75,1,"VAI.AOP.aop",8.1682303346468
"410",581553.552890593,5074199.9995,75,2,"VAI.AOP.aop",5.43226393555667
"411",581199.9995,5074553.55289059,75,3,"VAI.AOP.aop",6.62909300913923
"412",581553.552890593,5074553.55289059,75,4,"VAI.AOP.aop",7.43956476166047
"413",581199.9995,5074199.9995,100,1,"VAI.AOP.aop",7.07305108462781
"414",581553.552890593,5074199.9995,100,2,"VAI.AOP.aop",5.11894478521323
"415",581199.9995,5074553.55289059,100,3,"VAI.AOP.aop",6.64980600232939
"416",581553.552890593,5074553.55289059,100,4,"VAI.AOP.aop",6.97923319922359
"417",581199.9995,5074199.9995,125,1,"VAI.AOP.aop",6.84151886318172
"418",581553.552890593,5074199.9995,125,2,"VAI.AOP.aop",5.16245841487388
"419",581199.9995,5074553.55289059,125,3,"VAI.AOP.aop",6.67433503047906
"420",581553.552890593,5074553.55289059,125,4,"VAI.AOP.aop",6.99126482136189
"421",581199.9995,5074199.9995,150,1,"VAI.AOP.aop",6.75128889284727
"422",581553.552890593,5074199.9995,150,2,"VAI.AOP.aop",5.21185022980219
"423",581199.9995,5074553.55289059,150,3,"VAI.AOP.aop",6.45253358574634
"424",581553.552890593,5074553.55289059,150,4,"VAI.AOP.aop",6.51882493123358
"425",581199.9995,5074199.9995,175,1,"VAI.AOP.aop",6.40513301336035
"426",581553.552890593,5074199.9995,175,2,"VAI.AOP.aop",5.24010085390866
"427",581199.9995,5074553.55289059,175,3,"VAI.AOP.aop",6.3415603538767
"428",581553.552890593,5074553.55289059,175,4,"VAI.AOP.aop",6.21987783957817
"429",581199.9995,5074199.9995,200,1,"VAI.AOP.aop",6.28588399252948
"430",581553.552890593,5074199.9995,200,2,"VAI.AOP.aop",5.33525407585312
"431",581199.9995,5074553.55289059,200,3,"VAI.AOP.aop",6.22363698340743
"432",581553.552890593,5074553.55289059,200,4,"VAI.AOP.aop",6.00319020689718
"433",581199.9995,5074199.9995,10,1,"VCI.AOP.aop",0.830285259653531
"434",581553.552890593,5074199.9995,10,2,"VCI.AOP.aop",0.741161665419575
"435",581199.9995,5074553.55289059,10,3,"VCI.AOP.aop",0.771271423398155
"436",581553.552890593,5074553.55289059,10,4,"VCI.AOP.aop",0.73106026834078
"437",581199.9995,5074199.9995,25,1,"VCI.AOP.aop",0.837040784067916
"438",581553.552890593,5074199.9995,25,2,"VCI.AOP.aop",0.823604082375928
"439",581199.9995,5074553.55289059,25,3,"VCI.AOP.aop",0.845977416109965
"440",581553.552890593,5074553.55289059,25,4,"VCI.AOP.aop",0.822305936903177
"441",581199.9995,5074199.9995,50,1,"VCI.AOP.aop",0.832312502340204
"442",581553.552890593,5074199.9995,50,2,"VCI.AOP.aop",0.810626865895167
"443",581199.9995,5074553.55289059,50,3,"VCI.AOP.aop",0.835923474315905
"444",581553.552890593,5074553.55289059,50,4,"VCI.AOP.aop",0.836868846121551
"445",581199.9995,5074199.9995,75,1,"VCI.AOP.aop",0.843556364115797
"446",581553.552890593,5074199.9995,75,2,"VCI.AOP.aop",0.810450729498928
"447",581199.9995,5074553.55289059,75,3,"VCI.AOP.aop",0.842249727427779
"448",581553.552890593,5074553.55289059,75,4,"VCI.AOP.aop",0.837061436172242
"449",581199.9995,5074199.9995,100,1,"VCI.AOP.aop",0.857716629463465
"450",581553.552890593,5074199.9995,100,2,"VCI.AOP.aop",0.819229817573415
"451",581199.9995,5074553.55289059,100,3,"VCI.AOP.aop",0.84354226122355
"452",581553.552890593,5074553.55289059,100,4,"VCI.AOP.aop",0.844596537885287
"453",581199.9995,5074199.9995,125,1,"VCI.AOP.aop",0.858097623965405
"454",581553.552890593,5074199.9995,125,2,"VCI.AOP.aop",0.828114788013857
"455",581199.9995,5074553.55289059,125,3,"VCI.AOP.aop",0.846499607869407
"456",581553.552890593,5074553.55289059,125,4,"VCI.AOP.aop",0.847858585609581
"457",581199.9995,5074199.9995,150,1,"VCI.AOP.aop",0.857007467158536
"458",581553.552890593,5074199.9995,150,2,"VCI.AOP.aop",0.836213151776233
"459",581199.9995,5074553.55289059,150,3,"VCI.AOP.aop",0.849644500159463
"460",581553.552890593,5074553.55289059,150,4,"VCI.AOP.aop",0.850127500766461
"461",581199.9995,5074199.9995,175,1,"VCI.AOP.aop",0.857402404338719
"462",581553.552890593,5074199.9995,175,2,"VCI.AOP.aop",0.837821494037442
"463",581199.9995,5074553.55289059,175,3,"VCI.AOP.aop",0.850849497770986
"464",581553.552890593,5074553.55289059,175,4,"VCI.AOP.aop",0.854177018535071
"465",581199.9995,5074199.9995,200,1,"VCI.AOP.aop",0.857156156067057
"466",581553.552890593,5074199.9995,200,2,"VCI.AOP.aop",0.841030571764073
"467",581199.9995,5074553.55289059,200,3,"VCI.AOP.aop",0.84994837327461
"468",581553.552890593,5074553.55289059,200,4,"VCI.AOP.aop",0.857756865615853
